<?xml version="1.0" encoding="UTF-8"?>
<jcr:root xmlns:sling="http://sling.apache.org/jcr/sling/1.0" xmlns:jcr="http://www.jcp.org/jcr/1.0" xmlns:nt="http://www.jcp.org/jcr/nt/1.0"
    jcr:primaryType="sling:OrderedFolder">
    <jcr:content jcr:primaryType="nt:unstructured"/>
    <d-insights.eot/>
    <d-insights.svg/>
    <d-insights.ttf/>
    <d-insights.woff/>
    <opensans-light-webfont.woff/>
    <OpenSans-Bold.woff/>
    <opensans-regular-webfont.woff/>
    <OpenSans-Semibold.woff/>
</jcr:root>
